{
  "description": {
    "title": "Boutique Das Plussizes Moda PlusSize Feminina No Varejo Que Vestem Super Bem Valorizando suas Curvas!",
    "text": "Aqui Na Boutique Vc Encontra Looks Exclusivos PlusSizes Nos Tamanhos 44,46,48,50,52 e 54!"
  },
  "links_1": {
    "list_pages": true,
    "title": "Páginas",
    "list": [
      {
        "url": "https://instagram.com/boutiquedasplussizes?igshid=MzNlNGNkZWQ4Mg==",
        "text": "Sigam Muito Nosso Instagram e Fiquem Por Dentro De Tudo!"
      }
    ]
  },
  "links_2": {
    "list_categories": true,
    "title": "Categorias ",
    "list": [
      {
        "text": "WhatsApp Loja Para Dúvidas !",
        "url": "https://wa.me/message/TZS3TPCDTJAQA1"
      }
    ]
  },
  "contacts": {
    "title": "Contatos",
    "phone_wpp": true,
    "socials": true,
    "email": true,
    "address": true
  },
  "stamps": [
    {
      "src": "/img/uploads/ssl-safe.png",
      "alt": "Secure connection"
    }
  ],
  "payment_methods": {
    "bb": true,
    "visa": true,
    "boleto": false,
    "aura": false,
    "banrisul": false,
    "elo": true,
    "hipercard": true,
    "hsbc": false,
    "bradesco": true,
    "santander": true,
    "mastercard": true,
    "paypal": true,
    "citibank": false,
    "hiper": true,
    "diners": true,
    "mais": false,
    "amex": true,
    "itau": true
  },
  "credits": ""
}