{
  "marketing_stripe": {
    "text": "Looks Plus Size do 44 ao 54!",
    "link": "",
    "background": "#780957",
    "color": "#ffffff"
  },
  "contacts_stripe": {
    "pages": [
      {
        "title": "Siga nosso Instagram e receba as novidades em primeira mão!",
        "link": "https://www.instagram.com/boutiquedasplussizes/"
      }
    ],
    "phone_wpp": true,
    "socials": true
  },
  "categories_list": {
    "featured": [
      "/pages/lookinhos-da-promo?Lookinhos Da Promo!",
      "/conjuntos?Conjuntos",
      "/macaquinhos-plussize?Macacão/Macaquinhos",
      "/vestidos?Vestidos",
      "/blusas-plussize?Blusas",
      "/bodys-plussize-suplex?Bodys Suplex",
      "/moda-praia-plussize?Moda Praia"
    ],
    "random": 0,
    "full_width": true
  },
  "search_input": true,
  "desktop_megamenu": true,
  "full_width_submenu": true
}