{
  "meta_title": "",
  "meta_description": "   ",
  "sections": [
    {
      "type": "banner-slider",
      "autoplay": 6000,
      "full_width": true,
      "slides": [
        {
          "start": "",
          "end": "2024-12-01T03:00:00.000Z",
          "img": "/img/uploads/banner-desktop-black-1-.png",
          "link": "/pages/lookinhos-da-promo",
          "mobile_img": "/img/uploads/banner-boutique-plus-size-mobile-3-1-.png"
        },
        {
          "start": "",
          "end": "",
          "img": "/img/uploads/222.png",
          "mobile_img": "/img/uploads/2mo.png"
        },
        {
          "start": "",
          "end": "",
          "img": "/img/uploads/111.png",
          "mobile_img": "/img/uploads/1mo.png"
        },
        {
          "start": "",
          "end": "",
          "img": "/img/uploads/333.png",
          "mobile_img": "/img/uploads/3mo.png"
        }
      ]
    },
    {
      "type": "info-bar",
      "enabled": true
    },
    {
      "type": "collection-shelf",
      "shuffle": true,
      "limit": 12,
      "page": 1,
      "sort": "news",
      "title": "♡ New Colection Coleção Nova ♡",
      "headless": false
    },
    {
      "type": "collection-shelf",
      "shuffle": false,
      "limit": 12,
      "page": 1,
      "sort": "offers",
      "title": "Promoção"
    },
    {
      "type": "banners-grid",
      "banners": [
        {
          "img": "/img/uploads/1gridba.png",
          "link": "/macaquinhos-plussize"
        },
        {
          "img": "/img/uploads/2gridba.png",
          "link": "/conjuntos"
        },
        {
          "img": "/img/uploads/3gridba.png",
          "link": "/vestidos"
        }
      ]
    },
    {
      "type": "collection-shelf",
      "shuffle": false,
      "limit": 12,
      "page": 1,
      "collection_id": null,
      "title": "Moda Plus Size",
      "sort": "news"
    },
    {
      "type": "dynamic-showcase",
      "load_more": true,
      "sort": "news"
    }
  ]
}