{
  "shipping": {
    "show": true,
    "text": "Enviamos De São Paulo Para Sua Casa 🏠 Pelos Correios Modalidades PAC Ou SEDEX! 📦 Entregamos Via Motoboy Nas Regiões Metropolitanas De SP! 🛵🛍"
  },
  "installments": {
    "show": true,
    "text": "Parcelamos Sua Compra Em Até 3 Vezes Sem Juros! 💳🛍"
  },
  "exchange": {
    "show": true,
    "text": "Prazo De 7 Dias Corridos Para Troca. A Partir Da Data de Recebimento do Pedido!"
  },
  "promo": {
    "show": true,
    "text": "Frete Gratis para São Paulo Capital.📦 Use o Cupom \"boasvindas10\" para 10% de desconto na primeira compra 🛍"
  }
}